{"device3 epoch loss":20.031354904174805,"_wandb":{"runtime":17},"_runtime":15.137962459,"_step":1,"device3 batch loss":20.031354904174805,"_timestamp":1.7437000148380291e+09}