{"_step":9,"device2 batch loss":17.634057998657227,"device2 epoch loss":17.634057998657227,"_wandb":{"runtime":332},"_timestamp":1.743700193451509e+09,"_runtime":71.783293292}