{"_timestamp":1.7437000148380942e+09,"_runtime":14.690626823,"_step":1,"device2 epoch loss":17.695159912109375,"_wandb":{"runtime":16},"device2 batch loss":17.695159912109375}