{"_step":10,"device3 batch loss":10.772656440734863,"device3 epoch loss":20.40500259399414,"_wandb":{"runtime":332},"_timestamp":1.7437002069926977e+09,"_runtime":85.796245975}