{"device0 epoch loss":14.609513282775879,"_wandb":{"runtime":332},"_step":10,"device0 batch loss":20.488040924072266,"_timestamp":1.743700202458689e+09,"_runtime":80.7167057}