{"_timestamp":1.7437002072012033e+09,"_runtime":86.018480977,"_step":10,"device1 epoch loss":11.311163902282715,"_wandb":{"runtime":332},"device1 batch loss":14.09749984741211}