{"_step":1,"device0 epoch loss":13.193696022033691,"_wandb":{"runtime":16},"device0 batch loss":13.193696022033691,"_timestamp":1.7437000148339324e+09,"_runtime":14.66631295}