{"device1 batch loss":13.703636169433594,"_timestamp":1.7437000148392067e+09,"device1 epoch loss":13.703636169433594,"_wandb":{"runtime":16},"_runtime":14.85168841,"_step":1}